time,mPM1.0,mPM2.5,mPM4.0,mPM10,nPM0.5,nPM1.0,nPM2.5,nPM4.0,nPM10,typical,temp_C,temp_F,rh
1.018913984298706,1,4,7,8,0,3,6,7,7,1630,23.32,73.98,65.11
2.1387124061584473,0,0,0,0,0,0,0,0,0,1630,25.60,78.07,40.66
3.162153720855713,0,0,0,0,0,0,0,0,0,1630,25.59,78.07,40.65
4.185833930969238,1,1,1,1,6,6,6,6,6,280,25.59,78.06,40.65
5.2091224193573,1,1,1,1,5,6,6,6,6,280,25.59,78.06,40.65
6.2325358390808105,1,1,1,1,5,6,6,6,6,280,25.59,78.06,40.65
7.241656303405762,1,1,1,1,5,6,6,6,6,280,25.59,78.07,40.65
8.264772176742554,1,1,1,1,5,6,6,6,6,280,25.60,78.07,40.64
9.288115978240967,1,1,1,1,5,6,6,6,6,280,25.60,78.07,40.64
10.297035932540894,1,1,1,1,5,5,5,5,5,280,25.60,78.08,40.63
11.32034969329834,1,1,1,1,4,5,5,5,5,280,25.60,78.08,40.63
12.343652486801147,1,1,1,1,4,5,5,5,5,280,25.60,78.09,40.62
13.367055654525757,1,2,2,2,2,4,5,5,5,675,25.60,78.09,40.63
14.376237392425537,1,1,2,2,2,4,5,5,5,675,25.61,78.09,40.62
15.399357795715332,1,1,2,2,2,4,4,5,5,675,25.61,78.09,40.61
16.42380976676941,1,1,2,2,2,3,4,4,4,675,25.61,78.09,40.62
17.447235345840454,0,1,2,2,2,3,4,4,4,675,25.61,78.09,40.66
18.47042965888977,0,1,1,1,2,3,4,4,4,776,25.61,78.09,40.62
19.493839263916016,0,1,1,1,2,3,4,4,4,776,25.60,78.09,40.63
20.503000736236572,0,1,1,1,2,3,3,4,4,776,25.60,78.08,40.63
21.526596784591675,0,1,1,1,2,3,3,3,3,577,25.60,78.08,40.64
22.549813985824585,3,6,9,10,10,16,20,20,21,1009,25.60,78.08,40.64
23.573485374450684,6,13,18,19,25,38,44,46,46,957,25.60,78.07,40.64
24.596843242645264,12,23,32,34,59,83,94,96,96,812,25.59,78.07,40.66
25.606006622314453,28,53,73,76,145,199,223,227,228,843,25.59,78.06,40.68
26.629480361938477,37,73,99,105,189,264,297,303,304,867,25.59,78.06,40.68
27.65270447731018,55,115,161,170,260,377,434,445,446,908,25.58,78.05,40.70
28.67603087425232,69,153,217,230,310,467,546,561,564,939,25.57,78.03,40.70
29.684828996658325,84,187,266,282,378,570,667,686,689,963,25.57,78.02,40.73
30.707964658737183,94,210,299,317,421,636,745,767,770,968,25.57,78.02,40.73
31.731619834899902,107,239,341,361,476,720,845,869,873,992,25.57,78.02,40.73
32.755369424819946,124,278,396,420,547,832,977,1006,1010,1009,25.57,78.02,40.73
33.779035806655884,132,298,426,451,583,888,1044,1075,1080,1004,25.57,78.03,40.73
34.78824734687805,140,318,455,483,617,943,1110,1143,1148,1015,25.57,78.03,40.73
35.81144690513611,154,351,503,533,672,1031,1216,1253,1259,1021,25.58,78.04,40.72
36.83583879470825,207,476,684,726,892,1379,1633,1684,1691,1019,25.58,78.05,40.70
37.85895228385925,223,515,741,786,957,1484,1760,1815,1823,1018,25.59,78.07,40.71
38.88220500946045,233,544,784,832,992,1550,1842,1901,1909,1046,25.59,78.07,40.70
39.891207695007324,243,572,827,878,1018,1605,1915,1977,1986,1078,25.60,78.08,40.69
40.91429018974304,251,599,870,924,1037,1653,1982,2047,2057,1107,25.61,78.09,40.68
41.93881940841675,256,615,895,950,1047,1679,2018,2086,2096,1076,25.62,78.12,40.67
42.962024211883545,260,630,917,974,1057,1703,2052,2122,2132,1077,25.63,78.14,40.65
43.985618114471436,262,638,929,988,1059,1714,2069,2139,2150,1073,25.64,78.14,40.65
45.00922346115112,264,644,939,998,1064,1725,2084,2156,2166,1062,25.64,78.16,40.66
46.033018350601196,299,729,1063,1130,1207,1955,2361,2442,2454,1040,25.65,78.17,40.67
47.05755615234375,336,819,1195,1270,1353,2194,2651,2742,2755,1048,25.65,78.17,40.65
48.08062028884888,362,885,1292,1373,1454,2364,2858,2957,2971,1035,25.65,78.17,40.65
49.10430645942688,392,958,1397,1485,1579,2563,3097,3204,3219,1031,25.66,78.18,40.64
50.1277711391449,407,996,1453,1545,1630,2653,3210,3321,3337,1074,25.66,78.19,40.64
51.15156626701355,421,1035,1512,1607,1682,2745,3325,3441,3457,1064,25.66,78.19,40.64
52.176722049713135,433,1068,1562,1660,1721,2818,3418,3538,3555,1070,25.66,78.19,40.64
53.1999351978302,450,1112,1627,1730,1784,2927,3552,3677,3695,1056,25.66,78.19,40.67
54.223296880722046,459,1133,1656,1761,1825,2989,3625,3752,3770,1041,25.66,78.19,40.65
55.24671506881714,484,1193,1744,1854,1924,3150,3820,3954,3973,1054,25.66,78.18,40.67
56.25591969490051,503,1244,1821,1936,1991,3270,3970,4110,4131,1082,25.66,78.18,40.67
57.27905559539795,512,1266,1852,1969,2022,3323,4036,4178,4199,1071,25.66,78.19,40.67
58.302473068237305,515,1271,1858,1976,2044,3349,4063,4206,4226,1038,25.66,78.19,40.66
59.325902462005615,515,1271,1859,1977,2042,3348,4063,4205,4226,1050,25.67,78.20,40.67
60.335111141204834,517,1277,1869,1987,2044,3357,4076,4219,4240,1065,25.67,78.20,40.67
61.358423709869385,523,1296,1898,2018,2061,3394,4125,4270,4292,1054,25.67,78.20,40.68
62.381723403930664,529,1314,1925,2048,2077,3428,4171,4319,4340,1054,25.67,78.20,40.68
63.405335664749146,532,1322,1936,2059,2095,3454,4200,4349,4371,1027,25.67,78.21,40.68
64.42895793914795,537,1338,1962,2087,2099,3474,4232,4383,4405,1078,25.67,78.21,40.69
65.45268177986145,561,1400,2053,2184,2193,3633,4426,4584,4607,1051,25.67,78.21,40.69
66.46188688278198,585,1461,2142,2278,2288,3789,4617,4782,4806,1050,25.67,78.20,40.70
67.4851496219635,628,1569,2301,2448,2449,4062,4952,5129,5155,1067,25.66,78.20,40.72
68.50855159759521,669,1671,2451,2607,2607,4325,5273,5462,5490,1059,25.66,78.19,40.73
69.53198623657227,697,1749,2567,2731,2708,4506,5500,5698,5727,1074,25.66,78.18,40.74
70.54112935066223,731,1830,2686,2857,2842,4724,5764,5971,6001,1054,25.65,78.18,40.74
71.56418895721436,747,1867,2738,2913,2912,4831,5890,6102,6132,1053,25.66,78.18,40.74
72.58761477470398,756,1887,2767,2943,2953,4893,5963,6176,6207,1047,25.66,78.19,40.73
73.61109232902527,763,1901,2786,2964,2987,4941,6017,6232,6263,1035,25.66,78.19,40.73
74.62033486366272,769,1912,2801,2979,3022,4987,6067,6283,6314,1051,25.67,78.20,40.73
75.644113779068,770,1911,2799,2977,3030,4995,6074,6289,6320,1057,25.67,78.20,40.74
76.66731643676758,775,1915,2802,2979,3069,5036,6114,6329,6360,1058,25.66,78.19,40.74
77.69073247909546,782,1917,2800,2976,3127,5097,6170,6384,6415,1000,25.66,78.19,40.75
78.71405982971191,790,1927,2811,2988,3180,5160,6235,6449,6480,1012,25.66,78.18,40.76
79.72323513031006,801,1964,2868,3048,3203,5221,6319,6539,6571,1091,25.66,78.18,40.76
80.74638986587524,818,2017,2950,3136,3248,5320,6454,6680,6713,1094,25.65,78.18,40.77
81.76967406272888,840,2070,3026,3218,3341,5468,6631,6863,6896,1038,25.66,78.18,40.77
82.7946126461029,859,2119,3098,3294,3412,5589,6780,7017,7052,1033,25.66,78.18,40.78
83.81769275665283,879,2163,3161,3361,3496,5718,6932,7174,7210,1014,25.65,78.18,40.80
84.8410542011261,912,2243,3278,3485,3634,5939,7198,7449,7485,1042,25.65,78.17,40.83
85.84998345375061,966,2379,3477,3696,3845,6289,7624,7890,7929,1066,25.65,78.17,40.84
86.87336492538452,994,2459,3599,3826,3933,6460,7845,8121,8161,1087,25.64,78.16,40.85
87.89692187309265,1006,2497,3657,3889,3962,6528,7937,8219,8260,1064,25.64,78.15,40.86
88.92052698135376,1013,2517,3687,3921,3984,6571,7993,8276,8318,1054,25.63,78.13,40.87
89.94414067268372,1020,2536,3715,3951,4008,6614,8047,8333,8375,1044,25.63,78.13,40.87
90.96780490875244,1025,2544,3726,3962,4034,6648,8084,8371,8413,1048,25.63,78.13,40.87
91.99160480499268,1027,2541,3717,3953,4064,6675,8105,8391,8432,1044,25.62,78.12,40.89
93.0151379108429,1029,2536,3708,3942,4085,6690,8115,8399,8441,1033,25.62,78.11,40.88
94.03892374038696,1029,2527,3692,3925,4107,6704,8119,8402,8443,1021,25.62,78.12,40.88
95.06295824050903,1029,2535,3706,3940,4093,6698,8121,8405,8447,1075,25.62,78.12,40.87
96.08663868904114,1030,2550,3732,3968,4067,6687,8124,8411,8452,1086,25.63,78.14,40.87
97.11031150817871,1030,2558,3747,3985,4048,6677,8122,8410,8452,1066,25.64,78.15,40.86
98.1341438293457,1029,2570,3768,4008,4021,6663,8119,8410,8452,1090,25.64,78.16,40.85
99.14329981803894,1029,2585,3796,4038,3988,6645,8116,8410,8453,1108,25.65,78.16,40.84
100.16665124893188,1029,2593,3812,4055,3968,6635,8115,8410,8453,1092,25.65,78.16,40.85
101.1901445388794,1029,2605,3833,4078,3945,6624,8115,8413,8456,1100,25.64,78.16,40.85
102.21367001533508,1029,2606,3835,4081,3942,6622,8114,8412,8455,1066,25.64,78.16,40.85
103.23732829093933,1029,2605,3832,4078,3945,6624,8114,8412,8455,1064,25.65,78.17,40.82
104.2609052658081,1029,2615,3851,4098,3925,6615,8115,8415,8458,1101,25.65,78.18,40.83
105.28471064567566,1029,2617,3854,4101,3922,6614,8116,8415,8459,1066,25.66,78.18,40.82
106.29387879371643,1029,2610,3841,4087,3933,6617,8112,8411,8454,1055,25.67,78.20,40.80
107.31733798980713,1028,2611,3843,4090,3927,6612,8109,8408,8451,1082,25.67,78.21,40.78
108.34081077575684,1028,2612,3846,4093,3920,6606,8104,8404,8447,1067,25.68,78.22,40.77
109.36435627937317,1026,2602,3830,4076,3925,6601,8092,8390,8433,1052,25.69,78.23,40.75
110.38798451423645,1026,2607,3839,4085,3909,6590,8086,8385,8428,1073,25.70,78.26,40.73
111.41169667243958,1024,2603,3832,4078,3907,6584,8077,8375,8419,1060,25.71,78.28,40.70
112.43537020683289,1023,2590,3811,4055,3920,6584,8066,8362,8405,1049,25.72,78.29,40.69
113.45915937423706,1022,2589,3809,4054,3912,6574,8057,8353,8396,1067,25.72,78.30,40.69
114.48302865028381,1022,2591,3814,4059,3908,6573,8058,8354,8397,1068,25.72,78.29,40.71
115.4920175075531,1021,2595,3822,4067,3894,6564,8053,8350,8393,1096,25.71,78.28,40.71
116.51541781425476,1020,2595,3822,4068,3882,6551,8041,8339,8382,1100,25.71,78.27,40.73
117.53914642333984,1018,2584,3804,4048,3888,6546,8028,8323,8366,1066,25.70,78.25,40.74
118.56269478797913,1016,2569,3777,4019,3905,6546,8014,8307,8350,1037,25.69,78.24,40.75
119.58623147010803,1014,2559,3761,4002,3907,6538,7999,8291,8333,1057,25.69,78.24,40.74
120.60994839668274,1012,2553,3753,3993,3900,6526,7983,8274,8316,1080,25.69,78.24,40.73
121.63370084762573,1010,2547,3744,3983,3895,6514,7967,8257,8299,1065,25.69,78.25,40.73
122.65754652023315,1008,2534,3721,3959,3905,6510,7953,8241,8283,1032,25.69,78.25,40.73
123.68137240409851,1006,2529,3714,3951,3898,6497,7937,8224,8266,1061,25.69,78.24,40.74
124.7050793170929,1005,2535,3726,3964,3869,6475,7922,8211,8253,1085,25.69,78.24,40.74
125.72855687141418,1002,2533,3725,3964,3849,6453,7901,8190,8232,1099,25.69,78.24,40.73
126.7377941608429,998,2520,3705,3942,3843,6434,7873,8160,8202,1068,25.69,78.24,40.74
127.76090621948242,993,2508,3688,3923,3820,6399,7832,8118,8159,1069,25.69,78.24,40.74
128.784250497818,988,2490,3660,3894,3809,6370,7791,8074,8116,1049,25.69,78.23,40.74
129.7931478023529,983,2465,3618,3848,3821,6354,7755,8035,8075,1018,25.68,78.23,40.74
130.81630206108093,980,2450,3593,3822,3822,6340,7730,8007,8048,1039,25.68,78.22,40.75
131.83958387374878,978,2444,3586,3814,3810,6323,7710,7987,8027,1051,25.68,78.22,40.75
132.8485779762268,975,2436,3573,3800,3807,6311,7692,7968,8008,1049,25.68,78.22,40.75
133.87180376052856,973,2427,3559,3785,3801,6296,7671,7946,7986,1064,25.68,78.22,40.75
134.89516162872314,970,2415,3540,3764,3804,6286,7652,7925,7965,1043,25.67,78.21,40.76
135.91862511634827,968,2414,3539,3765,3790,6272,7639,7911,7951,1074,25.67,78.21,40.76
136.92771220207214,967,2406,3526,3750,3790,6263,7624,7895,7935,1059,25.67,78.21,40.76
137.9508295059204,965,2391,3500,3722,3805,6262,7610,7879,7918,1046,25.68,78.22,40.75
138.97531461715698,963,2381,3483,3703,3813,6259,7599,7866,7905,1035,25.67,78.21,40.75
139.99880504608154,962,2371,3467,3686,3823,6259,7591,7857,7895,1028,25.67,78.21,40.77
141.0223672389984,960,2366,3459,3677,3818,6249,7578,7843,7881,1043,25.66,78.19,40.79
142.04594373703003,959,2369,3466,3685,3799,6234,7567,7833,7871,1057,25.66,78.19,40.80
143.0695538520813,958,2372,3472,3692,3781,6219,7555,7822,7861,1073,25.65,78.17,40.82
144.09431433677673,956,2359,3451,3669,3789,6214,7540,7805,7843,1036,25.64,78.15,40.83
145.117520570755,954,2360,3453,3672,3775,6200,7529,7794,7832,1058,25.63,78.14,40.84
146.14105415344238,953,2352,3439,3657,3780,6197,7519,7783,7821,1049,25.63,78.14,40.84
147.16472339630127,952,2348,3433,3650,3778,6190,7510,7773,7811,1066,25.63,78.14,40.84
148.18849182128906,951,2339,3418,3634,3785,6188,7499,7761,7799,1035,25.63,78.14,40.84
149.2132213115692,949,2332,3407,3622,3783,6179,7485,7746,7784,1048,25.63,78.14,40.83
150.23660445213318,947,2334,3414,3629,3758,6157,7469,7731,7769,1071,25.64,78.15,40.83
151.26014351844788,945,2335,3416,3632,3739,6138,7452,7714,7753,1081,25.64,78.15,40.84
152.28363847732544,943,2330,3409,3625,3730,6124,7436,7698,7736,1056,25.64,78.14,40.83
153.30723667144775,939,2313,3382,3595,3732,6109,7407,7667,7704,1039,25.63,78.14,40.84
154.3309667110443,937,2302,3363,3575,3740,6106,7395,7653,7690,1028,25.63,78.13,40.84
155.35469436645508,935,2297,3355,3567,3734,6094,7381,7638,7675,1054,25.63,78.13,40.84
156.37850141525269,933,2287,3340,3550,3735,6085,7365,7620,7657,1031,25.63,78.14,40.84
157.40221762657166,931,2280,3328,3538,3731,6073,7348,7602,7639,1017,25.64,78.16,40.82
158.42594575881958,929,2266,3305,3513,3740,6068,7331,7583,7619,1009,25.66,78.18,40.79
159.43514251708984,927,2253,3284,3490,3744,6059,7312,7562,7598,997,25.66,78.19,40.78
160.45858502388,923,2248,3278,3484,3722,6031,7283,7533,7570,1038,25.67,78.20,40.78
161.48200964927673,920,2239,3263,3468,3718,6017,7263,7511,7547,1021,25.67,78.21,40.77
162.5057671070099,919,2237,3261,3466,3707,6005,7250,7498,7535,1042,25.67,78.21,40.77
163.52929019927979,917,2233,3255,3460,3700,5994,7237,7485,7521,1041,25.67,78.21,40.78
164.53817701339722,915,2226,3245,3448,3698,5985,7223,7470,7506,1035,25.67,78.20,40.78
165.5612666606903,914,2217,3228,3431,3705,5981,7212,7457,7493,1020,25.66,78.19,40.79
166.584627866745,912,2204,3208,3409,3713,5977,7198,7441,7477,1029,25.66,78.18,40.80
167.59328413009644,910,2183,3171,3369,3738,5979,7181,7421,7456,985,25.66,78.18,40.79
168.61637473106384,907,2160,3133,3327,3755,5973,7157,7393,7427,986,25.66,78.18,40.78
169.63987135887146,903,2142,3103,3295,3766,5964,7133,7367,7401,1000,25.66,78.18,40.79
170.6635353565216,900,2124,3072,3261,3775,5954,7108,7338,7372,1010,25.66,78.18,40.79
171.67267441749573,898,2112,3054,3242,3774,5941,7087,7316,7349,1017,25.66,78.18,40.78
172.69583106040955,895,2109,3051,3239,3754,5918,7065,7293,7327,1042,25.66,78.18,40.79
173.71911334991455,892,2105,3045,3233,3741,5901,7045,7274,7307,1026,25.66,78.19,40.78
174.72814440727234,889,2105,3048,3236,3714,5875,7022,7251,7284,1026,25.67,78.20,40.77
175.7511293888092,887,2103,3047,3235,3698,5857,7005,7234,7267,1022,25.67,78.21,40.75
176.77442383766174,886,2108,3056,3245,3677,5841,6994,7224,7258,1054,25.68,78.22,40.74
177.7834277153015,885,2105,3052,3241,3671,5832,6984,7214,7247,1047,25.68,78.22,40.74
178.80650067329407,883,2100,3043,3232,3667,5822,6970,7199,7233,1037,25.68,78.23,40.75
179.82979798316956,881,2093,3032,3220,3664,5811,6955,7183,7216,1030,25.68,78.22,40.75
180.8389401435852,879,2089,3027,3215,3654,5798,6940,7167,7200,1027,25.68,78.22,40.75
181.86201453208923,877,2089,3029,3217,3634,5778,6922,7151,7184,1047,25.67,78.21,40.75
182.88531041145325,875,2086,3026,3214,3619,5761,6905,7133,7166,1036,25.67,78.21,40.75
183.90878200531006,872,2075,3008,3195,3622,5753,6888,7115,7148,1022,25.68,78.22,40.75
184.91799807548523,870,2076,3012,3199,3598,5730,6869,7096,7129,1056,25.67,78.21,40.76
185.94112467765808,866,2065,2994,3180,3587,5707,6838,7064,7097,1031,25.67,78.21,40.76
186.96442914009094,861,2054,2979,3164,3563,5671,6797,7022,7054,1034,25.67,78.20,40.76
187.98802733421326,858,2063,2998,3186,3513,5631,6769,6996,7029,1092,25.67,78.21,40.75
188.99716234207153,855,2064,3003,3191,3485,5605,6747,6975,7008,1062,25.67,78.21,40.74
190.02012038230896,852,2059,2997,3184,3468,5583,6723,6951,6984,1051,25.67,78.21,40.74
191.04346346855164,850,2054,2989,3176,3459,5568,6705,6932,6965,1041,25.67,78.21,40.75
192.05254793167114,847,2053,2990,3178,3435,5544,6684,6911,6944,1056,25.67,78.21,40.75
193.07561612129211,844,2045,2977,3164,3426,5526,6660,6886,6919,1032,25.67,78.21,40.75
194.09897565841675,841,2033,2958,3143,3428,5515,6641,6865,6898,1017,25.67,78.21,40.74
195.10791850090027,837,1998,2899,3079,3462,5513,6609,6828,6860,971,25.67,78.21,40.76
196.13119077682495,836,1990,2884,3063,3466,5508,6598,6815,6846,1017,25.66,78.19,40.77
197.1544804573059,835,1984,2875,3053,3469,5505,6590,6806,6838,1012,25.66,78.18,40.78
198.17796564102173,833,1975,2860,3037,3476,5503,6580,6795,6826,1008,25.65,78.17,40.78
199.18715691566467,832,1967,2847,3023,3484,5502,6573,6787,6818,1004,25.65,78.16,40.80
200.2102291584015,831,1955,2826,3000,3498,5503,6564,6775,6806,974,25.64,78.15,40.81
201.23352336883545,830,1951,2819,2993,3493,5494,6552,6763,6794,1009,25.63,78.13,40.82
202.24246430397034,828,1949,2818,2991,3484,5484,6542,6752,6783,1026,25.63,78.13,40.84
203.26544523239136,827,1952,2823,2998,3465,5467,6529,6740,6771,1038,25.62,78.12,40.83
204.2888708114624,825,1954,2829,3004,3442,5447,6513,6725,6756,1049,25.62,78.11,40.83
205.29784512519836,823,1949,2822,2996,3433,5432,6495,6707,6738,1033,25.63,78.13,40.81
206.32104635238647,820,1938,2804,2977,3435,5424,6478,6688,6719,1012,25.63,78.13,40.80
207.3443410396576,818,1933,2797,2970,3427,5411,6462,6672,6703,1031,25.64,78.14,40.80
208.35321736335754,816,1926,2786,2957,3423,5399,6446,6654,6685,1013,25.64,78.15,40.80
209.37648391723633,813,1914,2767,2938,3420,5384,6423,6630,6660,1000,25.64,78.15,40.80
210.3997232913971,810,1905,2754,2924,3411,5366,6399,6605,6635,1020,25.64,78.15,40.80
211.40871667861938,807,1899,2746,2915,3395,5343,6374,6580,6610,1023,25.64,78.15,40.80
212.4319326877594,804,1895,2741,2910,3378,5323,6353,6558,6588,1034,25.64,78.16,40.80
213.45517420768738,802,1885,2725,2893,3376,5311,6333,6537,6566,1011,25.65,78.16,40.79
214.4786365032196,800,1881,2718,2886,3366,5296,6316,6519,6549,1016,25.65,78.16,40.79
215.4877803325653,798,1880,2719,2887,3350,5280,6301,6505,6534,1027,25.64,78.16,40.79
216.51092219352722,796,1877,2715,2882,3341,5267,6287,6490,6520,1014,25.64,78.16,40.79
217.5342128276825,795,1873,2709,2876,3336,5258,6275,6478,6508,1010,25.64,78.16,40.79
218.5577495098114,793,1870,2705,2872,3326,5245,6261,6464,6493,1036,25.64,78.16,40.79
219.5669436454773,791,1869,2705,2872,3311,5230,6247,6450,6480,1042,25.64,78.16,40.79
220.59014987945557,790,1870,2708,2876,3297,5217,6237,6440,6470,1052,25.65,78.16,40.78
221.61344146728516,788,1863,2696,2863,3298,5209,6224,6426,6455,1015,25.65,78.17,40.78
222.62231993675232,786,1858,2689,2855,3291,5197,6209,6410,6440,1021,25.65,78.17,40.76
223.64552545547485,784,1853,2682,2848,3280,5182,6191,6392,6422,1024,25.65,78.18,40.78
224.66894102096558,782,1851,2681,2846,3266,5166,6175,6377,6406,1026,25.66,78.18,40.77
225.6923565864563,780,1848,2676,2841,3255,5152,6159,6360,6390,1037,25.66,78.19,40.77
226.70149445533752,778,1846,2674,2839,3242,5136,6144,6345,6374,1046,25.66,78.19,40.75
227.72470092773438,776,1843,2670,2835,3233,5124,6131,6331,6361,1041,25.66,78.20,40.74
228.74805235862732,775,1840,2666,2832,3222,5111,6116,6317,6346,1042,25.67,78.20,40.75
229.7715356349945,773,1837,2662,2827,3214,5099,6103,6303,6332,1032,25.67,78.20,40.74
230.78087401390076,772,1839,2667,2833,3198,5086,6094,6295,6324,1052,25.67,78.21,40.74
231.80405282974243,770,1837,2664,2829,3190,5076,6082,6283,6312,1038,25.68,78.22,40.73
232.82740306854248,769,1834,2660,2825,3183,5066,6071,6271,6300,1033,25.69,78.24,40.72
233.85088729858398,767,1836,2666,2832,3162,5047,6057,6258,6288,1052,25.69,78.25,40.70
234.87448930740356,766,1837,2668,2835,3146,5032,6044,6245,6275,1033,25.70,78.26,40.69
235.88368940353394,764,1829,2656,2822,3144,5022,6029,6229,6258,1028,25.70,78.26,40.69
236.90696144104004,762,1825,2651,2816,3133,5007,6011,6212,6241,1017,25.69,78.25,40.70
237.93030095100403,758,1835,2671,2838,3080,4964,5981,6184,6214,1057,25.69,78.24,40.71
238.95378422737122,756,1830,2664,2830,3074,4953,5967,6169,6199,1036,25.68,78.23,40.72
239.96284294128418,755,1819,2645,2810,3084,4952,5957,6157,6186,1015,25.68,78.23,40.71
240.98605585098267,753,1810,2631,2795,3088,4947,5945,6144,6173,1028,25.68,78.22,40.72
242.00960087776184,752,1807,2626,2790,3082,4937,5933,6132,6161,1043,25.68,78.23,40.71
243.0329601764679,750,1799,2613,2776,3085,4932,5922,6120,6149,1033,25.68,78.23,40.71
244.04203915596008,748,1792,2602,2765,3082,4922,5908,6104,6133,1044,25.68,78.23,40.70
245.06522035598755,747,1788,2597,2758,3075,4910,5894,6090,6119,1027,25.69,78.25,40.67
246.08864736557007,745,1778,2580,2741,3078,4904,5880,6074,6103,1002,25.70,78.26,40.67
247.1120684146881,743,1767,2560,2719,3090,4904,5870,6062,6090,1009,25.71,78.28,40.65
248.1212034225464,742,1761,2552,2710,3090,4897,5860,6051,6079,1031,25.71,78.28,40.65
249.14445757865906,741,1761,2552,2710,3082,4890,5852,6044,6072,1037,25.71,78.29,40.65
250.16813588142395,740,1755,2541,2698,3087,4887,5845,6036,6063,1001,25.71,78.28,40.66
251.19147872924805,739,1748,2530,2687,3090,4884,5836,6026,6054,1003,25.71,78.27,40.67
252.2150218486786,738,1740,2518,2673,3092,4878,5824,6013,6040,1003,25.70,78.26,40.68
253.2241599559784,736,1737,2512,2667,3087,4869,5813,6002,6029,1024,25.70,78.26,40.68
254.24716782569885,734,1731,2504,2658,3082,4858,5799,5987,6014,1015,25.70,78.26,40.67
255.27039551734924,732,1721,2488,2641,3084,4850,5784,5970,5997,999,25.70,78.26,40.67
256.27963948249817,731,1713,2475,2627,3084,4842,5770,5955,5982,1010,25.70,78.26,40.67
257.30266666412354,729,1707,2464,2616,3083,4834,5756,5940,5967,1004,25.70,78.26,40.68
258.32595658302307,727,1698,2451,2601,3086,4829,5745,5927,5954,977,25.70,78.26,40.68
259.3495087623596,726,1685,2429,2577,3098,4826,5731,5912,5938,975,25.70,78.27,40.65
260.3587009906769,724,1675,2411,2558,3104,4822,5718,5897,5923,994,25.71,78.28,40.65
261.38177394866943,722,1669,2402,2549,3102,4813,5706,5884,5910,1002,25.71,78.28,40.65
262.4050636291504,720,1663,2392,2538,3096,4801,5690,5867,5893,1005,25.72,78.29,40.63
263.4140100479126,718,1660,2390,2535,3080,4783,5672,5849,5875,1020,25.73,78.32,40.60
264.43719816207886,715,1657,2386,2531,3064,4764,5651,5828,5854,1013,25.74,78.34,40.59
265.46046924591064,713,1656,2386,2531,3048,4746,5635,5812,5838,1029,25.74,78.34,40.59
266.4695100784302,712,1655,2386,2532,3034,4732,5622,5799,5825,1026,25.74,78.34,40.60
267.4925878047943,710,1656,2388,2534,3018,4716,5608,5786,5812,1026,25.73,78.32,40.61
268.51588010787964,709,1654,2387,2533,3008,4705,5597,5775,5801,1018,25.73,78.31,40.63
269.5247588157654,707,1650,2381,2527,3001,4694,5584,5761,5787,1017,25.72,78.30,40.63
270.54789543151855,705,1638,2361,2505,3010,4690,5570,5746,5771,1000,25.71,78.28,40.64
271.57132387161255,704,1637,2360,2504,3001,4680,5560,5736,5762,1046,25.70,78.27,40.65
272.59473967552185,703,1640,2365,2511,2983,4665,5549,5725,5751,1042,25.69,78.25,40.67
273.6039445400238,701,1637,2362,2507,2975,4655,5538,5714,5739,1030,25.69,78.24,40.68
274.6271643638611,700,1638,2365,2511,2960,4641,5526,5703,5729,1041,25.68,78.23,40.68
275.6505525112152,698,1643,2375,2521,2939,4624,5516,5693,5719,1056,25.68,78.23,40.69
276.6738975048065,697,1646,2381,2528,2919,4608,5503,5682,5708,1062,25.68,78.23,40.68
277.68317008018494,696,1641,2374,2520,2918,4602,5494,5672,5698,1022,25.68,78.22,40.70
278.706422328949,694,1633,2360,2505,2923,4598,5483,5660,5686,1007,25.68,78.22,40.69
279.72975420951843,693,1627,2351,2496,2921,4591,5473,5648,5674,1017,25.67,78.21,40.71
280.7531929016113,690,1632,2361,2507,2887,4562,5450,5627,5653,1059,25.67,78.21,40.71
281.762335062027,689,1635,2369,2515,2870,4549,5441,5620,5645,1054,25.67,78.21,40.70
282.7854628562927,688,1629,2359,2505,2873,4545,5433,5611,5636,1019,25.68,78.22,40.70
283.8090124130249,687,1617,2338,2482,2885,4544,5422,5597,5622,997,25.68,78.23,40.68
284.8324716091156,685,1611,2329,2473,2881,4534,5408,5582,5608,1033,25.69,78.24,40.67
285.8414921760559,683,1604,2318,2460,2880,4525,5394,5568,5593,1029,25.70,78.26,40.65
286.86463952064514,680,1595,2303,2445,2875,4511,5374,5546,5571,1003,25.70,78.26,40.64
287.8879837989807,678,1588,2293,2434,2867,4496,5355,5526,5551,1017,25.71,78.27,40.64
288.91152834892273,676,1583,2285,2425,2860,4484,5339,5510,5535,1002,25.71,78.27,40.65
289.920667886734,674,1577,2276,2416,2856,4474,5326,5495,5520,1024,25.70,78.27,40.65
290.9437894821167,673,1574,2273,2413,2847,4463,5313,5483,5508,1031,25.70,78.26,40.65
291.9671528339386,671,1570,2266,2405,2841,4451,5300,5469,5493,1025,25.70,78.25,40.67
292.9905631542206,669,1566,2260,2399,2832,4438,5283,5452,5477,1022,25.69,78.25,40.67
293.99981808662415,667,1561,2254,2393,2823,4425,5269,5437,5461,1016,25.69,78.24,40.68
295.02273392677307,664,1547,2231,2368,2828,4415,5248,5414,5438,973,25.69,78.24,40.68
296.0460023880005,663,1536,2212,2347,2836,4411,5235,5399,5423,975,25.69,78.24,40.68
297.0552010536194,661,1531,2205,2340,2830,4401,5222,5385,5409,986,25.69,78.24,40.67
298.07847785949707,659,1524,2194,2327,2827,4390,5206,5368,5392,988,25.69,78.24,40.67
299.1018316745758,657,1517,2183,2316,2825,4381,5192,5354,5377,1012,25.69,78.24,40.67
300.12528109550476,656,1514,2177,2310,2818,4370,5179,5340,5364,1031,25.69,78.25,40.67
301.13449811935425,654,1512,2175,2308,2807,4357,5166,5327,5351,1018,25.70,78.26,40.64
302.1573877334595,653,1509,2172,2304,2800,4347,5154,5315,5339,1012,25.71,78.27,40.65
303.1808168888092,651,1499,2155,2286,2807,4344,5143,5302,5325,984,25.71,78.27,40.64
304.1900300979614,649,1486,2134,2263,2817,4341,5130,5288,5311,983,25.71,78.27,40.63
305.21319794654846,648,1486,2133,2263,2807,4330,5120,5277,5300,1009,25.71,78.27,40.64
306.23662304878235,647,1478,2121,2250,2814,4330,5113,5269,5292,976,25.71,78.28,40.63
307.24574089050293,646,1473,2112,2240,2817,4327,5106,5262,5284,982,25.72,78.29,40.62
308.2689731121063,645,1469,2107,2234,2814,4320,5097,5251,5274,990,25.72,78.29,40.62
309.29240894317627,644,1468,2105,2233,2803,4308,5085,5239,5262,1006,25.72,78.29,40.62
310.31586480140686,642,1459,2090,2216,2812,4307,5077,5230,5252,976,25.71,78.28,40.63
311.3251690864563,641,1464,2100,2227,2792,4292,5067,5222,5244,1027,25.71,78.28,40.63
312.3485586643219,640,1459,2091,2217,2795,4290,5061,5214,5237,988,25.71,78.28,40.63
313.37186670303345,639,1449,2075,2200,2803,4288,5051,5203,5225,975,25.72,78.29,40.62
314.3954200744629,638,1441,2061,2185,2810,4287,5043,5194,5216,985,25.72,78.30,40.60
315.41915917396545,637,1434,2050,2174,2811,4281,5032,5182,5204,982,25.73,78.31,40.59
316.42856454849243,635,1426,2037,2159,2813,4275,5020,5168,5190,954,25.73,78.32,40.58
317.4518241882324,633,1415,2019,2140,2821,4271,5007,5154,5175,946,25.74,78.33,40.57
318.4752469062805,632,1406,2003,2122,2825,4265,4993,5138,5160,941,25.74,78.34,40.57
319.49886441230774,630,1393,1981,2099,2835,4261,4979,5122,5143,932,25.74,78.34,40.57
320.5080099105835,628,1391,1980,2098,2819,4244,4963,5106,5127,982,25.74,78.34,40.57
321.53133964538574,626,1386,1972,2089,2813,4232,4948,5090,5111,972,25.74,78.33,40.57
322.5548348426819,622,1375,1956,2072,2800,4207,4916,5057,5078,986,25.73,78.32,40.59
323.57857060432434,620,1369,1947,2062,2797,4199,4904,5045,5065,981,25.73,78.31,40.59
324.6021873950958,619,1365,1941,2056,2792,4189,4892,5032,5052,986,25.72,78.30,40.61
325.625851392746,617,1364,1939,2054,2782,4179,4881,5021,5041,1005,25.71,78.28,40.62
326.6352655887604,616,1365,1942,2057,2769,4167,4872,5012,5032,1008,25.70,78.26,40.63
327.65857434272766,615,1365,1942,2058,2760,4157,4863,5003,5024,999,25.70,78.26,40.64
328.68200945854187,614,1364,1942,2058,2751,4148,4854,4994,5015,1011,25.70,78.25,40.64
329.7054989337921,613,1361,1938,2053,2745,4139,4843,4983,5004,991,25.70,78.26,40.63
330.72909283638,612,1364,1945,2061,2728,4126,4835,4976,4996,1025,25.70,78.26,40.63
331.73859333992004,610,1374,1964,2082,2697,4105,4825,4968,4989,1053,25.71,78.27,40.63
332.76175141334534,609,1375,1967,2086,2683,4092,4814,4958,4979,1017,25.71,78.29,40.60
333.7851793766022,608,1373,1965,2083,2674,4082,4803,4947,4968,997,25.72,78.29,40.60
334.80879759788513,606,1371,1962,2080,2666,4072,4792,4936,4957,1007,25.73,78.31,40.59
335.8324592113495,605,1370,1961,2079,2657,4060,4781,4925,4946,1016,25.73,78.32,40.57
336.8417773246765,604,1369,1960,2078,2647,4049,4770,4914,4935,1001,25.74,78.34,40.56
337.8649890422821,603,1367,1957,2076,2640,4041,4761,4905,4926,1007,25.74,78.34,40.56
338.888463973999,601,1363,1952,2070,2636,4034,4752,4895,4916,987,25.74,78.34,40.57
339.9120852947235,600,1364,1954,2073,2622,4020,4740,4883,4904,1001,25.74,78.33,40.58
340.93568444252014,598,1354,1938,2055,2629,4017,4729,4871,4892,969,25.74,78.33,40.57
341.9451069831848,597,1350,1932,2048,2627,4010,4719,4861,4881,990,25.74,78.33,40.56
342.96815061569214,596,1344,1922,2037,2629,4006,4711,4851,4871,979,25.73,78.32,40.57
343.99145889282227,595,1340,1915,2030,2627,4000,4702,4842,4862,983,25.73,78.31,40.58
345.0005350112915,594,1336,1908,2023,2629,3997,4696,4835,4855,980,25.72,78.30,40.59
346.0236563682556,593,1338,1913,2028,2618,3988,4690,4830,4850,1012,25.72,78.30,40.59
347.0470185279846,592,1337,1912,2027,2610,3980,4681,4821,4841,1005,25.71,78.29,40.60
348.0560956001282,591,1328,1898,2011,2614,3975,4669,4808,4828,978,25.71,78.28,40.60
349.0794880390167,589,1318,1881,1993,2619,3969,4656,4793,4813,963,25.71,78.27,40.62
350.10302686691284,587,1314,1874,1986,2614,3959,4643,4780,4799,987,25.70,78.27,40.61
351.126825094223,586,1301,1853,1963,2626,3959,4632,4766,4786,946,25.70,78.27,40.60
352.1505398750305,584,1295,1844,1953,2624,3950,4620,4753,4772,975,25.71,78.28,40.59
353.1742298603058,583,1296,1846,1956,2607,3934,4606,4740,4759,1009,25.72,78.30,40.58
354.19801139831543,580,1292,1841,1950,2591,3914,4584,4718,4737,1008,25.73,78.31,40.56
355.22193360328674,578,1288,1836,1946,2582,3901,4570,4703,4722,984,25.73,78.31,40.56
356.24552869796753,576,1284,1830,1939,2575,3890,4556,4689,4709,963,25.73,78.32,40.54
357.2695059776306,575,1284,1831,1941,2560,3875,4543,4676,4696,992,25.73,78.32,40.54
358.29329562187195,573,1270,1808,1916,2574,3875,4531,4662,4681,930,25.73,78.32,40.54
359.31715750694275,572,1260,1791,1897,2581,3871,4519,4648,4667,940,25.73,78.32,40.54
360.3264424800873,570,1251,1775,1880,2587,3867,4508,4635,4654,933,25.73,78.32,40.54
361.34980964660645,569,1239,1755,1858,2598,3865,4496,4621,4640,914,25.73,78.31,40.55
362.37340116500854,566,1223,1729,1830,2605,3857,4475,4598,4616,923,25.72,78.30,40.57
363.39716506004333,565,1222,1728,1829,2597,3848,4466,4589,4607,975,25.72,78.29,40.57
364.4208731651306,564,1224,1731,1833,2587,3839,4459,4583,4601,989,25.71,78.28,40.59
365.4444799423218,563,1228,1740,1842,2570,3826,4451,4576,4594,998,25.71,78.27,40.59
366.4681751728058,562,1231,1746,1849,2556,3816,4445,4570,4588,987,25.71,78.27,40.59
367.4922993183136,561,1232,1749,1852,2545,3806,4437,4563,4581,984,25.70,78.27,40.59
368.5161247253418,560,1234,1754,1858,2531,3794,4429,4555,4574,1001,25.70,78.26,40.60
369.5400068759918,559,1234,1753,1857,2524,3787,4421,4548,4566,987,25.69,78.25,40.61
370.5637946128845,558,1225,1739,1841,2533,3787,4414,4539,4557,946,25.69,78.25,40.61
371.5874559879303,557,1214,1720,1821,2548,3791,4408,4531,4549,934,25.69,78.25,40.60
372.59677815437317,557,1210,1713,1814,2550,3789,4403,4526,4544,968,25.70,78.25,40.60
373.62019395828247,556,1214,1721,1822,2536,3779,4398,4521,4539,1001,25.70,78.26,40.59
374.64364862442017,555,1215,1724,1826,2527,3771,4392,4516,4534,981,25.71,78.28,40.58
375.6671793460846,555,1220,1732,1835,2512,3760,4386,4511,4529,988,25.71,78.29,40.57
376.69102239608765,554,1229,1749,1853,2486,3745,4380,4506,4525,1019,25.72,78.29,40.58
377.715083360672,553,1230,1752,1856,2475,3734,4371,4498,4517,1010,25.72,78.30,40.55
378.73866987228394,552,1234,1760,1865,2456,3720,4362,4490,4508,1036,25.73,78.31,40.54
379.7621512413025,550,1238,1769,1876,2433,3702,4350,4479,4498,1033,25.74,78.33,40.54
380.7715244293213,549,1235,1765,1871,2428,3693,4339,4468,4487,967,25.74,78.33,40.53
381.7949709892273,548,1231,1759,1864,2423,3685,4328,4457,4475,977,25.74,78.33,40.54
382.81843185424805,546,1221,1742,1846,2431,3682,4317,4444,4462,961,25.73,78.32,40.53
383.84185242652893,545,1220,1742,1846,2422,3672,4308,4435,4453,1021,25.73,78.31,40.55
384.86544275283813,544,1218,1738,1842,2418,3666,4300,4427,4445,997,25.72,78.30,40.56
385.87476205825806,543,1212,1729,1832,2418,3660,4290,4416,4434,980,25.71,78.29,40.58
386.89801955223083,542,1205,1717,1820,2421,3656,4281,4405,4423,974,25.71,78.27,40.58
387.92143273353577,540,1202,1713,1815,2416,3648,4271,4395,4414,999,25.70,78.27,40.58
388.94496512413025,539,1202,1714,1816,2406,3637,4262,4386,4404,1020,25.70,78.27,40.58
389.9539244174957,538,1203,1717,1820,2392,3625,4251,4376,4395,1022,25.70,78.26,40.59
390.977130651474,537,1200,1713,1815,2386,3616,4241,4365,4383,1008,25.70,78.26,40.59
392.00084805488586,535,1196,1706,1808,2381,3607,4229,4353,4371,996,25.70,78.26,40.60
393.02461671829224,533,1192,1701,1802,2374,3595,4216,4339,4357,986,25.70,78.26,40.60
394.0480070114136,532,1186,1691,1792,2373,3588,4205,4327,4345,984,25.69,78.25,40.60
395.0573272705078,531,1181,1683,1783,2373,3582,4195,4317,4334,970,25.69,78.25,40.60
396.0805125236511,529,1179,1680,1780,2366,3573,4185,4307,4324,993,25.69,78.24,40.61
397.1038703918457,528,1177,1677,1777,2360,3565,4176,4298,4315,995,25.69,78.25,40.61
398.11280632019043,527,1176,1676,1776,2352,3556,4167,4289,4306,1001,25.69,78.25,40.61
399.1359405517578,526,1175,1676,1776,2343,3546,4157,4279,4297,994,25.69,78.25,40.62
400.1592872142792,525,1174,1675,1775,2334,3537,4148,4270,4287,1012,25.70,78.25,40.60
401.16845989227295,524,1174,1675,1775,2328,3530,4142,4263,4281,1013,25.70,78.27,40.59
402.191862821579,522,1164,1658,1757,2332,3524,4128,4248,4265,959,25.71,78.27,40.59
403.2153310775757,521,1154,1642,1739,2345,3527,4122,4241,4258,941,25.71,78.28,40.58
404.23874592781067,521,1144,1625,1721,2357,3529,4116,4233,4250,937,25.71,78.28,40.59
405.2477421760559,520,1138,1614,1709,2364,3529,4110,4226,4243,944,25.71,78.28,40.58
406.27087235450745,519,1135,1609,1704,2364,3525,4104,4220,4237,962,25.71,78.28,40.59
407.2942132949829,518,1138,1616,1711,2351,3516,4100,4216,4233,1003,25.71,78.29,40.58
408.30327010154724,518,1140,1619,1715,2341,3508,4094,4210,4228,1000,25.72,78.29,40.58
409.32665610313416,517,1142,1624,1720,2329,3498,4086,4203,4220,1000,25.72,78.30,40.55
410.35014367103577,516,1144,1629,1726,2315,3487,4079,4196,4214,1000,25.72,78.30,40.55
411.3737745285034,515,1142,1627,1723,2308,3478,4069,4187,4204,974,25.73,78.31,40.54
412.39748668670654,514,1141,1625,1722,2301,3470,4060,4178,4195,978,25.73,78.31,40.54
413.42120838165283,513,1136,1617,1713,2302,3466,4053,4170,4187,955,25.73,78.31,40.56
414.4303297996521,512,1126,1600,1695,2313,3466,4044,4160,4177,936,25.72,78.30,40.57
415.4534933567047,510,1118,1586,1680,2320,3465,4037,4151,4167,955,25.71,78.28,40.58
416.4768645763397,510,1113,1578,1671,2323,3463,4030,4143,4160,968,25.70,78.27,40.59
417.48595809936523,508,1111,1575,1668,2316,3454,4020,4133,4150,989,25.69,78.25,40.60
418.5092513561249,505,1108,1573,1665,2293,3428,3995,4108,4125,1001,25.69,78.24,40.62
419.5327172279358,497,1094,1553,1645,2253,3372,3933,4045,4061,993,25.68,78.23,40.62
420.55611085891724,485,1064,1510,1600,2200,3290,3835,3943,3959,981,25.68,78.22,40.63
421.5652210712433,469,1026,1455,1541,2132,3183,3707,3811,3827,974,25.67,78.21,40.64
422.5884737968445,448,977,1385,1466,2042,3042,3540,3639,3653,965,25.67,78.20,40.64
423.6118252277374,431,940,1332,1411,1968,2931,3410,3505,3519,976,25.66,78.19,40.66
424.62075901031494,417,909,1287,1363,1905,2836,3298,3390,3404,989,25.66,78.18,40.67
425.6438820362091,408,889,1260,1334,1866,2776,3228,3318,3332,984,25.66,78.18,40.67
426.6673016548157,399,866,1226,1297,1828,2714,3154,3241,3254,957,25.66,78.18,40.67
427.6763117313385,388,838,1184,1253,1787,2644,3067,3151,3163,944,25.65,78.18,40.67
428.6996190547943,376,809,1143,1210,1736,2564,2972,3053,3065,967,25.65,78.17,40.66
429.72293400764465,354,762,1075,1137,1640,2419,2802,2878,2889,953,25.66,78.18,40.65
430.7318127155304,339,724,1020,1079,1577,2317,2679,2751,2762,920,25.66,78.19,40.65
431.75512433052063,329,699,984,1041,1538,2253,2601,2670,2680,929,25.66,78.19,40.64
432.778525352478,321,681,958,1013,1508,2204,2542,2610,2619,933,25.66,78.19,40.65
433.80190420150757,314,663,931,985,1476,2153,2482,2547,2556,938,25.66,78.20,40.65
434.8111844062805,306,648,910,962,1442,2104,2425,2488,2498,942,25.66,78.19,40.65
435.8343617916107,293,621,873,924,1375,2010,2319,2380,2389,960,25.66,78.18,40.65
436.85777521133423,280,597,840,888,1311,1921,2219,2278,2286,962,25.65,78.17,40.66
437.86670994758606,271,580,817,864,1264,1857,2146,2204,2213,973,25.65,78.17,40.67
438.89005517959595,263,564,795,841,1221,1798,2080,2137,2145,958,25.64,78.16,40.69
439.9136428833008,255,549,775,821,1181,1743,2019,2074,2082,958,25.64,78.15,40.68
440.9373142719269,241,520,736,779,1110,1643,1906,1958,1966,956,25.64,78.15,40.68
441.9607026576996,231,500,707,749,1059,1571,1824,1875,1882,959,25.63,78.14,40.69
442.96987223625183,222,482,682,722,1017,1510,1755,1803,1810,964,25.63,78.13,40.70
443.99300837516785,214,465,658,697,983,1459,1695,1742,1749,953,25.63,78.13,40.70
445.0163471698761,199,432,611,647,912,1353,1572,1616,1622,952,25.62,78.12,40.72
446.02540707588196,194,422,597,632,891,1322,1536,1579,1585,954,25.62,78.11,40.73
447.0486969947815,190,411,581,615,874,1294,1502,1543,1549,924,25.61,78.10,40.73
448.0719864368439,184,399,564,598,848,1256,1458,1498,1504,948,25.61,78.10,40.74
449.0809202194214,179,388,549,581,823,1220,1417,1456,1462,953,25.61,78.09,40.74
450.1040425300598,174,377,534,565,800,1186,1377,1415,1421,955,25.60,78.08,40.75
451.12736678123474,166,359,507,537,762,1129,1311,1347,1352,941,25.60,78.08,40.75
452.1364674568176,160,347,491,520,739,1094,1269,1304,1309,947,25.60,78.08,40.76
453.1596281528473,155,336,475,502,714,1057,1227,1261,1266,966,25.60,78.08,40.75
454.18302035331726,150,325,460,486,690,1023,1187,1220,1225,974,25.60,78.08,40.76
455.19193959236145,144,313,442,468,664,984,1142,1174,1178,966,25.60,78.07,40.76
456.21514201164246,139,300,424,449,638,945,1096,1127,1131,962,25.59,78.07,40.77
457.2385241985321,134,289,409,433,615,911,1058,1087,1091,970,25.59,78.07,40.78
458.24752736091614,130,282,399,423,596,885,1028,1056,1060,987,25.59,78.07,40.77
459.27078652381897,127,275,390,413,580,862,1002,1030,1034,973,25.59,78.06,40.78
460.294282913208,123,268,380,403,561,836,972,1000,1004,996,25.59,78.07,40.78
461.31777477264404,121,264,374,397,548,818,953,980,984,1004,25.59,78.06,40.78
462.3268141746521,117,258,366,387,533,797,929,955,959,991,25.59,78.06,40.78
463.3499743938446,114,250,355,375,520,776,904,929,933,962,25.59,78.06,40.79
464.3736300468445,111,241,342,362,505,751,874,899,902,957,25.59,78.06,40.78
465.39729380607605,107,233,329,349,488,726,845,868,872,963,25.59,78.06,40.78
466.4210453033447,104,225,319,338,475,705,819,842,846,963,25.59,78.06,40.78
467.42998218536377,100,217,307,325,458,680,790,812,815,978,25.59,78.06,40.78
468.4533545970917,97,210,297,314,446,661,767,789,792,954,25.59,78.05,40.78
469.4768636226654,95,204,289,305,437,646,749,769,772,949,25.59,78.05,40.78
470.5005123615265,92,199,280,297,428,631,731,751,754,943,25.58,78.05,40.79
471.5241684913635,90,192,271,287,415,612,709,728,731,953,25.58,78.05,40.79
472.5331542491913,87,187,264,279,406,597,691,710,713,943,25.58,78.04,40.79
473.55633306503296,85,181,255,270,395,580,670,688,691,933,25.57,78.03,40.80
474.5800347328186,82,175,247,261,384,563,651,668,671,931,25.57,78.03,40.80
475.6036217212677,80,170,239,252,375,548,632,649,652,915,25.57,78.02,40.81
476.627343416214,77,164,230,243,363,530,611,627,630,923,25.56,78.01,40.82
477.6510343551636,75,159,224,236,355,517,596,612,614,923,25.56,78.01,40.82
478.67474722862244,73,154,216,228,345,502,578,593,595,912,25.56,78.01,40.82
479.69858026504517,70,148,207,219,333,484,557,571,573,907,25.57,78.03,40.80
480.70781683921814,68,142,199,210,322,467,537,551,553,911,25.58,78.04,40.79
481.7313129901886,65,136,191,202,310,449,516,529,531,917,25.58,78.05,40.79
482.75483441352844,62,129,181,191,295,427,490,503,505,901,25.58,78.05,40.78
483.7786428928375,59,123,172,181,284,410,469,481,483,882,25.58,78.05,40.79
484.8021786212921,57,118,164,173,274,394,451,463,464,887,25.58,78.04,40.80
485.82590103149414,53,109,152,160,259,371,423,433,435,884,25.58,78.04,40.80
486.8494737148285,51,104,144,152,249,355,405,414,416,884,25.58,78.04,40.80
487.87326550483704,49,99,137,145,239,340,387,397,398,882,25.58,78.04,40.79
488.8824908733368,47,96,133,140,233,331,376,385,386,888,25.57,78.03,40.80
489.9056222438812,46,93,128,136,226,321,364,373,374,887,25.58,78.04,40.80
490.92892932891846,44,90,124,131,219,310,352,361,362,888,25.58,78.04,40.79
491.9381537437439,43,86,119,125,210,297,338,346,347,893,25.58,78.05,40.79
492.9612214565277,41,82,114,120,202,286,325,332,333,900,25.59,78.06,40.78
493.9845154285431,39,79,109,115,193,274,311,318,320,897,25.59,78.06,40.78
494.9934813976288,38,76,106,112,187,265,301,308,309,895,25.59,78.06,40.79
496.01696848869324,37,74,103,109,182,258,293,300,301,900,25.58,78.05,40.79
497.04045009613037,36,73,101,106,177,252,286,293,294,909,25.58,78.05,40.78
498.0639944076538,35,71,99,104,173,245,279,286,287,913,25.59,78.05,40.78
499.0876433849335,34,70,96,102,168,239,272,278,279,921,25.59,78.06,40.78
500.1126353740692,33,68,94,99,163,231,264,270,271,918,25.59,78.06,40.78
501.13575077056885,32,65,91,96,157,224,255,261,262,917,25.59,78.06,40.79
502.15910506248474,31,63,88,93,152,217,247,253,254,923,25.59,78.05,40.79
503.16817712783813,30,62,86,91,148,211,241,247,248,920,25.58,78.05,40.79
504.1912407875061,30,60,84,89,144,205,234,240,241,923,25.58,78.05,40.79
505.2145597934723,29,59,82,87,141,201,229,235,235,919,25.58,78.05,40.79
506.23826694488525,28,58,80,85,137,196,223,229,230,917,25.58,78.04,40.80
507.26204109191895,27,56,78,82,134,191,218,223,224,920,25.58,78.04,40.81
508.27126717567444,27,55,76,81,130,186,213,218,218,931,25.58,78.04,40.80
509.2946333885193,26,53,74,79,127,181,207,212,213,930,25.57,78.03,40.80
510.3181290626526,26,52,73,77,124,177,202,207,208,931,25.57,78.03,40.81
511.3417446613312,25,51,71,75,120,172,196,201,202,935,25.57,78.03,40.81
512.3654401302338,24,50,69,73,116,167,191,195,196,941,25.57,78.02,40.83
513.3891932964325,23,48,67,71,113,162,185,190,191,941,25.57,78.02,40.83
514.4129087924957,23,47,65,69,109,157,179,184,184,944,25.57,78.02,40.83
515.4366643428802,22,45,62,66,104,150,172,176,177,943,25.57,78.02,40.83
516.4458963871002,21,43,59,63,99,142,163,167,167,940,25.57,78.02,40.83
517.4692854881287,20,40,56,60,94,135,155,159,159,939,25.57,78.02,40.83
518.4929072856903,19,38,54,57,89,128,147,150,151,938,25.57,78.02,40.83
519.5164258480072,18,36,51,54,84,121,139,142,143,938,25.56,78.01,40.83
520.540197134018,17,35,49,51,80,116,133,136,137,945,25.56,78.01,40.84
521.5638947486877,16,34,47,49,77,112,128,131,132,940,25.55,78.00,40.85
522.5875597000122,15,32,45,47,74,107,123,126,126,933,25.56,78.00,40.83
523.611296415329,15,31,43,45,71,103,118,120,121,938,25.56,78.01,40.83
524.620557308197,13,28,39,41,64,92,105,108,108,939,25.56,78.01,40.83
525.6439838409424,13,26,37,39,61,87,100,103,103,938,25.56,78.01,40.83
526.6672811508179,12,25,35,37,58,84,96,99,99,944,25.56,78.01,40.84
527.6918742656708,12,24,34,36,56,80,92,95,95,944,25.56,78.02,40.82
528.7158756256104,11,23,33,34,53,77,89,91,91,946,25.56,78.01,40.84
529.7396855354309,11,23,32,33,52,75,86,88,88,942,25.56,78.01,40.84
530.7634980678558,11,22,31,33,50,73,83,85,86,938,25.56,78.01,40.83
531.787328004837,10,21,30,32,49,71,81,83,83,942,25.57,78.02,40.82
532.8111793994904,10,21,29,31,47,69,79,81,81,938,25.57,78.03,40.82
533.8343389034271,10,20,28,30,46,67,77,79,79,937,25.57,78.03,40.81
534.8577263355255,9,20,28,29,45,65,75,77,77,941,25.57,78.02,40.82
535.8812699317932,9,19,27,29,44,64,73,75,75,947,25.56,78.01,40.81
536.8905475139618,9,19,26,28,43,62,71,73,73,946,25.56,78.00,40.84
537.9137060642242,9,18,26,27,41,60,69,71,71,943,25.56,78.00,40.84
538.9370305538177,9,18,25,26,40,59,67,69,69,949,25.55,77.99,40.85
539.9605302810669,8,17,24,26,39,57,66,67,68,948,25.54,77.98,40.86
540.984361410141,8,17,24,25,38,56,64,66,66,947,25.54,77.98,40.86
541.9936578273773,8,17,23,25,37,54,63,64,64,944,25.54,77.97,40.86
543.0168378353119,8,16,23,24,36,53,61,62,63,947,25.54,77.97,40.87
544.0401563644409,7,16,22,23,35,51,59,61,61,948,25.54,77.97,40.86
545.0491452217102,7,15,21,23,34,50,57,59,59,952,25.54,77.97,40.86
546.072259426117,7,15,21,22,33,48,56,57,57,956,25.54,77.97,40.86
547.0956394672394,7,14,20,21,32,47,54,55,56,950,25.54,77.97,40.86
548.1045541763306,7,14,20,21,31,46,52,54,54,952,25.54,77.98,40.86
549.1277377605438,6,14,19,20,30,44,51,52,52,955,25.55,77.98,40.85
550.1511175632477,6,13,19,20,30,43,50,51,51,954,25.55,77.98,40.86
551.1746304035187,6,13,18,19,29,42,48,50,50,951,25.55,77.99,40.84
